Date,City,State,Max_Temp,Min_Temp,Avg_Temp,Humidity,Rainfall,Wind_Speed,AQI,AQI_Category,Pressure,Visibility
2024-01-01,Delhi,Delhi,25.4,10.7,18.1,84.1,0.0,9.0,130,Moderate,1008.4,46.0
2024-01-01,Bengaluru,Karnataka,37.2,30.8,34.0,49.0,3.7,6.6,54,Satisfactory,1008.0,61.3
2024-01-01,Chennai,Tamil Nadu,37.2,30.4,33.8,34.2,9.5,9.0,176,Moderate,993.4,70.0
2024-01-01,Kolkata,West Bengal,27.4,17.5,22.5,32.2,9.1,9.2,97,Satisfactory,1008.2,56.9
2024-01-01,Hyderabad,Telangana,44.4,31.6,38.0,91.1,51.9,4.0,140,Moderate,996.9,9.3
2024-01-01,Ahmedabad,Gujarat,32.8,25.1,28.9,83.9,0.0,5.2,345,Very Poor,1018.1,12.1
2024-01-01,Jaipur,Rajasthan,40.4,33.5,37.0,30.4,8.2,19.7,75,Satisfactory,992.6,39.1
2024-01-01,Lucknow,Uttar Pradesh,42.3,31.0,36.6,51.5,0.0,18.8,186,Moderate,1012.3,89.3
2024-01-01,Bhopal,Madhya Pradesh,27.4,15.3,21.3,79.5,0.0,14.0,73,Satisfactory,1005.0,7.4
2024-01-02,Mumbai,Maharashtra,25.6,14.3,19.9,50.4,0.0,11.4,63,Satisfactory,1016.4,26.7
2024-01-02,Delhi,Delhi,30.8,24.2,27.5,90.4,54.3,20.5,207,Poor,996.5,89.8
2024-01-02,Bengaluru,Karnataka,41.1,27.2,34.2,50.7,0.0,20.8,198,Moderate,1020.1,5.7
2024-01-02,Chennai,Tamil Nadu,33.3,26.1,29.7,37.8,0.0,13.9,341,Very Poor,1014.6,39.5
2024-01-02,Kolkata,West Bengal,44.2,36.7,40.5,62.3,0.0,16.0,126,Moderate,1007.6,9.9
2024-01-02,Hyderabad,Telangana,43.2,35.8,39.5,39.4,0.0,17.5,265,Poor,1016.7,27.6
2024-01-02,Ahmedabad,Gujarat,32.4,21.0,26.7,71.2,5.4,9.4,223,Poor,996.5,8.9
2024-01-02,Jaipur,Rajasthan,38.6,33.4,36.0,63.3,0.0,17.9,82,Satisfactory,1003.5,94.0
2024-01-02,Lucknow,Uttar Pradesh,31.8,25.7,28.8,90.1,8.8,20.8,114,Moderate,1009.4,55.3
2024-01-02,Bhopal,Madhya Pradesh,26.9,12.9,19.9,88.5,0.0,18.7,281,Poor,1021.4,89.3
2024-01-03,Mumbai,Maharashtra,37.8,32.0,34.9,40.5,0.0,4.3,89,Satisfactory,1013.2,5.5
2024-01-03,Delhi,Delhi,36.0,24.1,30.0,72.4,0.0,9.5,303,Very Poor,1016.1,66.7
2024-01-03,Bengaluru,Karnataka,38.2,27.5,32.8,36.1,0.0,24.4,235,Poor,1003.8,89.7
2024-01-03,Chennai,Tamil Nadu,40.9,30.9,35.9,67.5,5.0,8.5,94,Satisfactory,990.9,66.3
2024-01-03,Kolkata,West Bengal,43.8,29.3,36.5,89.5,11.1,11.8,304,Very Poor,1023.8,96.5
2024-01-03,Hyderabad,Telangana,30.9,22.0,26.5,85.3,0.0,23.5,70,Satisfactory,1014.4,59.2
2024-01-03,Ahmedabad,Gujarat,37.3,22.4,29.8,39.1,5.2,18.0,131,Moderate,1014.6,39.2
2024-01-03,Jaipur,Rajasthan,41.2,28.1,34.6,86.4,0.0,20.4,286,Poor,1012.7,71.7
2024-01-03,Lucknow,Uttar Pradesh,42.8,34.4,38.6,54.4,0.0,12.7,223,Poor,1009.0,32.2
2024-01-03,Bhopal,Madhya Pradesh,25.6,20.2,22.9,83.5,0.0,19.7,66,Satisfactory,997.6,64.2
2024-01-04,Mumbai,Maharashtra,26.0,15.7,20.9,65.1,60.8,13.9,123,Moderate,1001.3,80.5
2024-01-04,Delhi,Delhi,33.8,28.0,30.9,31.6,9.6,11.4,117,Moderate,996.1,19.9
2024-01-04,Bengaluru,Karnataka,36.0,23.8,29.9,72.9,2.9,14.8,116,Moderate,1011.4,44.9
2024-01-04,Chennai,Tamil Nadu,32.1,19.5,25.8,30.9,0.0,21.7,70,Satisfactory,1014.6,50.0
2024-01-04,Kolkata,West Bengal,34.8,25.1,30.0,41.3,4.4,16.6,234,Poor,991.6,40.6
2024-01-04,Hyderabad,Telangana,35.1,21.5,28.3,72.8,1.7,2.6,218,Poor,1010.5,94.3
2024-01-04,Ahmedabad,Gujarat,32.8,21.3,27.0,59.8,0.0,24.1,61,Satisfactory,1021.7,23.6
2024-01-04,Jaipur,Rajasthan,27.0,21.8,24.4,36.1,0.0,21.4,127,Moderate,990.8,82.4
2024-01-04,Lucknow,Uttar Pradesh,27.4,15.4,21.4,70.9,8.8,8.5,290,Poor,996.2,76.3
2024-01-04,Bhopal,Madhya Pradesh,44.8,35.7,40.2,54.2,33.9,21.7,273,Poor,1005.0,76.3
2024-01-05,Mumbai,Maharashtra,27.1,13.0,20.0,62.8,32.4,11.0,68,Satisfactory,990.4,91.0
2024-01-05,Delhi,Delhi,31.4,16.9,24.1,91.8,0.0,8.7,273,Poor,1001.5,68.9
2024-01-05,Bengaluru,Karnataka,40.8,27.9,34.4,35.9,0.0,12.2,76,Satisfactory,1021.1,38.3
2024-01-05,Chennai,Tamil Nadu,27.9,15.2,21.6,70.2,1.1,3.7,65,Satisfactory,1018.8,72.1
2024-01-05,Kolkata,West Bengal,26.7,11.8,19.3,54.3,66.9,24.7,65,Satisfactory,1016.4,40.7
2024-01-05,Hyderabad,Telangana,40.5,30.0,35.3,57.6,0.0,2.3,76,Satisfactory,1006.4,10.3
2024-01-05,Ahmedabad,Gujarat,27.4,15.9,21.6,78.5,0.0,8.6,338,Very Poor,1020.4,26.2
2024-01-05,Jaipur,Rajasthan,25.2,10.5,17.9,32.8,46.9,3.7,202,Poor,1009.4,97.1
2024-01-05,Lucknow,Uttar Pradesh,37.6,25.6,31.6,59.5,50.9,3.0,315,Very Poor,999.8,95.3
2024-01-05,Bhopal,Madhya Pradesh,34.1,22.9,28.5,48.0,0.0,15.4,345,Very Poor,992.7,97.6
2024-01-06,Mumbai,Maharashtra,39.0,28.6,33.8,50.1,0.0,23.0,264,Poor,1018.8,95.2
2024-01-06,Delhi,Delhi,37.3,28.1,32.7,90.6,0.0,10.7,86,Satisfactory,1018.4,98.8
2024-01-06,Bengaluru,Karnataka,36.9,28.1,32.5,93.0,0.0,11.5,308,Very Poor,999.6,10.4
2024-01-06,Chennai,Tamil Nadu,41.3,26.3,33.8,94.8,63.8,21.5,80,Satisfactory,998.7,47.8
2024-01-06,Kolkata,West Bengal,44.1,33.0,38.6,44.9,0.0,4.6,279,Poor,1013.5,54.4
2024-01-06,Hyderabad,Telangana,35.4,21.9,28.6,65.9,0.0,5.1,232,Poor,991.0,76.7
2024-01-06,Ahmedabad,Gujarat,39.1,32.0,35.5,38.9,0.0,11.0,147,Moderate,1005.3,90.9
2024-01-06,Jaipur,Rajasthan,35.3,22.4,28.9,55.8,70.4,5.4,120,Moderate,1022.4,51.8
2024-01-06,Lucknow,Uttar Pradesh,34.2,19.4,26.8,62.0,0.0,3.7,87,Satisfactory,994.5,17.2
2024-01-06,Bhopal,Madhya Pradesh,27.8,16.4,22.1,41.8,0.0,17.4,52,Satisfactory,996.0,23.3
2024-01-07,Mumbai,Maharashtra,28.4,20.6,24.5,41.5,0.0,6.7,254,Poor,1002.7,52.8
2024-01-07,Delhi,Delhi,25.8,12.8,19.3,70.8,71.2,3.4,271,Poor,999.7,81.6
2024-01-07,Bengaluru,Karnataka,28.7,21.6,25.1,54.1,0.0,12.6,118,Moderate,1016.2,8.5
2024-01-07,Chennai,Tamil Nadu,39.3,25.3,32.3,63.3,0.0,14.3,156,Moderate,998.5,30.6
2024-01-07,Kolkata,West Bengal,25.4,17.2,21.3,43.7,18.4,15.7,194,Moderate,1013.8,80.0
2024-01-07,Hyderabad,Telangana,26.7,16.4,21.6,68.1,0.0,8.5,216,Poor,1002.7,66.4
2024-01-07,Ahmedabad,Gujarat,32.1,17.3,24.7,69.4,0.0,7.7,128,Moderate,995.6,22.7
2024-01-07,Jaipur,Rajasthan,28.5,14.5,21.5,35.2,38.7,4.6,308,Very Poor,1003.9,97.1
2024-01-07,Lucknow,Uttar Pradesh,41.3,33.8,37.6,41.1,0.0,15.1,97,Satisfactory,999.8,78.1
2024-01-07,Bhopal,Madhya Pradesh,31.5,22.2,26.8,63.0,2.5,8.6,189,Moderate,1010.3,19.7
2024-01-08,Mumbai,Maharashtra,35.7,30.1,32.9,51.9,14.4,9.4,251,Poor,1018.3,29.2
2024-01-08,Delhi,Delhi,40.2,29.2,34.7,60.7,34.4,21.1,266,Poor,1023.8,16.8
2024-01-08,Bengaluru,Karnataka,43.8,37.0,40.4,34.3,7.4,5.2,90,Satisfactory,1017.8,24.2
2024-01-08,Chennai,Tamil Nadu,28.3,15.1,21.7,73.2,35.1,11.0,156,Moderate,1018.6,46.7
2024-01-08,Kolkata,West Bengal,34.3,26.2,30.2,78.6,26.3,10.8,233,Poor,1009.0,91.1
2024-01-08,Hyderabad,Telangana,27.3,12.9,20.1,70.8,3.4,16.3,284,Poor,1008.7,89.9
2024-01-08,Ahmedabad,Gujarat,28.0,19.9,24.0,46.2,0.0,19.5,294,Poor,1020.7,37.5
2024-01-08,Jaipur,Rajasthan,27.2,13.7,20.5,38.3,0.0,7.3,238,Poor,1015.3,73.4
2024-01-08,Lucknow,Uttar Pradesh,38.9,28.5,33.7,46.4,22.7,15.4,333,Very Poor,1004.0,48.9
2024-01-08,Bhopal,Madhya Pradesh,28.1,17.2,22.6,62.9,11.3,23.4,325,Very Poor,1009.8,71.2
2024-01-09,Mumbai,Maharashtra,39.1,32.6,35.9,67.5,6.1,23.5,75,Satisfactory,1022.4,47.8
2024-01-09,Delhi,Delhi,44.7,31.3,38.0,38.1,0.0,15.6,143,Moderate,1004.0,10.2
2024-01-09,Bengaluru,Karnataka,41.1,36.0,38.5,51.7,47.6,10.0,180,Moderate,1002.1,75.1
2024-01-09,Chennai,Tamil Nadu,29.5,20.0,24.7,39.2,0.0,23.0,236,Poor,1002.7,60.2
2024-01-09,Kolkata,West Bengal,25.3,13.6,19.4,41.6,0.0,4.0,224,Poor,1024.9,52.7
2024-01-09,Hyderabad,Telangana,26.3,13.8,20.1,43.6,0.0,2.8,60,Satisfactory,1006.5,58.7
2024-01-09,Ahmedabad,Gujarat,40.5,31.0,35.7,64.1,0.0,5.6,333,Very Poor,996.4,86.9
2024-01-09,Jaipur,Rajasthan,32.5,24.8,28.6,71.9,0.0,18.5,108,Moderate,1013.1,7.6
2024-01-09,Lucknow,Uttar Pradesh,29.6,17.9,23.8,31.3,0.0,17.0,115,Moderate,998.3,14.4
2024-01-09,Bhopal,Madhya Pradesh,39.4,25.9,32.7,84.0,0.0,8.7,66,Satisfactory,1021.4,6.2
2024-01-10,Mumbai,Maharashtra,29.2,23.9,26.5,41.8,39.5,20.8,157,Moderate,1002.0,29.6
2024-01-10,Delhi,Delhi,36.8,29.1,33.0,70.6,0.0,8.8,83,Satisfactory,1023.2,77.5
2024-01-10,Bengaluru,Karnataka,42.4,32.5,37.4,88.1,0.0,8.2,119,Moderate,1009.0,65.2
2024-01-10,Chennai,Tamil Nadu,27.8,14.4,21.1,94.0,0.0,2.4,218,Poor,1022.0,16.2
2024-01-10,Kolkata,West Bengal,30.5,19.9,25.2,72.3,0.0,5.1,225,Poor,1021.5,88.0
2024-01-10,Hyderabad,Telangana,37.0,25.4,31.2,41.4,0.0,13.9,268,Poor,991.6,20.8
2024-01-10,Ahmedabad,Gujarat,26.7,15.6,21.1,45.9,0.0,18.5,187,Moderate,1000.4,58.8
2024-01-10,Jaipur,Rajasthan,38.3,23.9,31.1,77.6,0.0,15.7,225,Poor,991.8,52.2
2024-01-10,Lucknow,Uttar Pradesh,31.7,19.0,25.3,36.9,0.0,17.8,293,Poor,1005.2,28.4
2024-01-10,Bhopal,Madhya Pradesh,41.0,29.0,35.0,47.7,0.0,23.1,178,Moderate,994.8,95.3
2024-01-11,Mumbai,Maharashtra,28.7,18.3,23.5,86.7,7.3,17.9,191,Moderate,1019.7,28.7
2024-01-11,Delhi,Delhi,29.4,14.5,22.0,91.4,59.4,6.2,50,Good,1009.9,92.0
2024-01-11,Bengaluru,Karnataka,38.9,31.0,35.0,90.1,0.0,21.8,296,Poor,1019.6,35.3
2024-01-11,Chennai,Tamil Nadu,25.7,14.8,20.3,45.0,1.3,9.8,137,Moderate,1015.4,11.2
2024-01-11,Kolkata,West Bengal,35.8,22.9,29.3,50.7,6.3,7.4,46,Good,990.9,87.7
2024-01-11,Hyderabad,Telangana,42.5,32.2,37.3,91.0,0.0,19.6,234,Poor,1004.1,50.6
2024-01-11,Ahmedabad,Gujarat,42.5,27.6,35.1,79.9,4.2,7.5,129,Moderate,993.9,38.7
2024-01-11,Jaipur,Rajasthan,30.9,23.6,27.3,32.7,0.0,10.8,334,Very Poor,1013.8,25.7
2024-01-11,Lucknow,Uttar Pradesh,40.7,34.8,37.8,57.1,0.0,16.1,111,Moderate,995.8,99.2
2024-01-11,Bhopal,Madhya Pradesh,43.9,32.4,38.1,69.5,0.0,7.1,148,Moderate,996.5,79.1
2024-01-12,Mumbai,Maharashtra,26.2,11.5,18.8,87.4,0.0,11.1,87,Satisfactory,1016.5,71.1
2024-01-12,Delhi,Delhi,41.3,34.1,37.7,44.5,0.0,4.1,80,Satisfactory,1020.7,30.2
2024-01-12,Bengaluru,Karnataka,42.8,28.2,35.5,86.0,0.0,4.0,120,Moderate,1004.3,40.4
2024-01-12,Chennai,Tamil Nadu,39.5,29.5,34.5,35.3,0.0,21.6,223,Poor,1007.3,50.7
2024-01-12,Kolkata,West Bengal,41.5,33.0,37.3,74.1,28.7,20.3,308,Very Poor,1013.0,85.8
2024-01-12,Hyderabad,Telangana,39.2,25.8,32.5,75.3,6.8,5.6,49,Good,1020.8,87.8
2024-01-12,Ahmedabad,Gujarat,41.5,35.2,38.4,51.8,7.5,21.1,128,Moderate,1007.8,5.6
2024-01-12,Jaipur,Rajasthan,37.3,22.5,29.9,71.1,0.0,19.9,207,Poor,993.7,77.3
2024-01-12,Lucknow,Uttar Pradesh,44.3,35.8,40.1,71.1,17.2,17.8,259,Poor,992.4,33.6
2024-01-12,Bhopal,Madhya Pradesh,26.3,15.5,20.9,52.5,13.2,24.4,80,Satisfactory,1023.9,76.2
2024-01-13,Mumbai,Maharashtra,40.2,34.9,37.5,31.4,3.3,17.7,349,Very Poor,1005.6,31.0
2024-01-13,Delhi,Delhi,33.5,24.0,28.8,40.6,0.0,3.9,124,Moderate,1013.8,67.2
2024-01-13,Bengaluru,Karnataka,44.0,37.5,40.8,58.1,9.4,11.1,166,Moderate,999.6,98.5
2024-01-13,Chennai,Tamil Nadu,42.9,35.6,39.2,43.9,0.0,21.9,97,Satisfactory,1006.6,97.0
2024-01-13,Kolkata,West Bengal,42.4,29.6,36.0,80.1,8.5,5.0,231,Poor,991.1,92.5
2024-01-13,Hyderabad,Telangana,40.9,31.1,36.0,37.6,0.0,6.6,220,Poor,1007.2,11.1
2024-01-13,Ahmedabad,Gujarat,30.4,17.4,23.9,50.2,0.0,11.0,130,Moderate,1006.8,62.0
2024-01-13,Jaipur,Rajasthan,38.9,25.3,32.1,80.7,0.0,7.6,194,Moderate,1024.5,18.5
2024-01-13,Lucknow,Uttar Pradesh,37.4,25.3,31.4,66.4,0.0,4.0,64,Satisfactory,1002.3,8.2
2024-01-13,Bhopal,Madhya Pradesh,32.9,26.6,29.8,66.9,0.0,5.9,259,Poor,993.7,65.5
2024-01-14,Mumbai,Maharashtra,25.6,11.3,18.5,33.4,59.6,18.4,292,Poor,1018.1,37.2
2024-01-14,Delhi,Delhi,26.6,12.7,19.6,65.6,8.2,14.1,58,Satisfactory,1015.6,12.8
2024-01-14,Bengaluru,Karnataka,29.9,23.3,26.6,86.7,0.0,6.2,194,Moderate,1017.6,67.6
2024-01-14,Chennai,Tamil Nadu,36.1,23.9,30.0,44.8,10.0,6.6,49,Good,1013.8,11.9
2024-01-14,Kolkata,West Bengal,30.2,20.5,25.3,86.4,0.0,10.0,52,Satisfactory,1003.0,98.8
2024-01-14,Hyderabad,Telangana,42.3,31.6,36.9,58.5,44.1,22.7,223,Poor,1004.8,31.3
2024-01-14,Ahmedabad,Gujarat,43.2,36.1,39.7,70.5,0.0,18.5,113,Moderate,1021.8,22.1
2024-01-14,Jaipur,Rajasthan,44.4,37.6,41.0,85.5,27.3,12.2,223,Poor,1008.0,39.1
2024-01-14,Lucknow,Uttar Pradesh,28.3,19.4,23.8,93.0,0.0,19.8,180,Moderate,994.6,97.1
2024-01-14,Bhopal,Madhya Pradesh,29.7,24.0,26.9,41.0,5.2,11.9,259,Poor,998.7,63.6
2024-01-15,Mumbai,Maharashtra,28.3,21.7,25.0,32.4,0.0,21.4,309,Very Poor,1018.2,60.6
2024-01-15,Delhi,Delhi,29.1,23.0,26.1,47.5,47.2,2.9,329,Very Poor,994.3,48.0
2024-01-15,Bengaluru,Karnataka,31.3,21.3,26.3,32.7,79.1,2.1,309,Very Poor,1023.3,65.7
2024-01-15,Chennai,Tamil Nadu,34.1,23.9,29.0,61.8,0.0,9.1,248,Poor,1014.7,24.2
2024-01-15,Kolkata,West Bengal,44.4,38.5,41.4,73.7,0.0,17.9,251,Poor,1019.3,94.7
2024-01-15,Hyderabad,Telangana,34.9,23.8,29.4,86.5,12.1,17.9,244,Poor,1013.7,25.5
2024-01-15,Ahmedabad,Gujarat,32.9,21.4,27.1,36.9,0.0,24.5,282,Poor,1004.2,87.7
2024-01-15,Jaipur,Rajasthan,36.3,24.0,30.1,87.1,4.1,20.6,175,Moderate,1016.7,80.8
2024-01-15,Lucknow,Uttar Pradesh,41.4,35.2,38.3,65.4,0.0,11.1,179,Moderate,1014.3,41.9
2024-01-15,Bhopal,Madhya Pradesh,29.8,21.0,25.4,44.8,0.8,16.2,307,Very Poor,1006.2,41.1
2024-01-16,Mumbai,Maharashtra,35.4,25.6,30.5,31.7,0.0,15.3,277,Poor,1008.7,62.8
2024-01-16,Delhi,Delhi,41.3,29.1,35.2,92.1,0.0,16.9,327,Very Poor,1021.4,28.1
2024-01-16,Bengaluru,Karnataka,26.2,11.9,19.0,52.9,0.0,8.6,207,Poor,1000.8,81.3
2024-01-16,Chennai,Tamil Nadu,31.2,20.1,25.7,76.5,0.0,6.2,202,Poor,1013.8,22.2
2024-01-16,Kolkata,West Bengal,39.2,33.1,36.1,66.9,0.0,20.5,236,Poor,1009.3,9.1
2024-01-16,Hyderabad,Telangana,44.0,33.0,38.5,83.2,0.0,16.1,319,Very Poor,1004.4,84.8
2024-01-16,Ahmedabad,Gujarat,32.1,24.7,28.4,80.7,0.0,17.4,180,Moderate,993.3,64.3
2024-01-16,Jaipur,Rajasthan,36.7,30.1,33.4,77.9,0.0,2.5,209,Poor,1012.5,62.7
2024-01-16,Lucknow,Uttar Pradesh,29.6,20.7,25.2,68.6,0.0,18.0,262,Poor,1004.2,45.7
2024-01-16,Bhopal,Madhya Pradesh,38.8,23.9,31.4,38.3,0.0,8.3,317,Very Poor,992.8,13.1
2024-01-17,Mumbai,Maharashtra,28.8,20.6,24.7,44.7,0.0,3.6,207,Poor,1018.0,27.2
2024-01-17,Delhi,Delhi,42.6,31.1,36.8,64.6,3.3,24.9,266,Poor,1013.2,58.0
2024-01-17,Bengaluru,Karnataka,34.3,28.7,31.5,66.5,9.6,6.6,179,Moderate,1008.8,14.2
2024-01-17,Chennai,Tamil Nadu,40.1,31.6,35.9,73.2,0.0,11.2,327,Very Poor,995.3,99.3
2024-01-17,Kolkata,West Bengal,35.8,22.4,29.1,63.9,6.3,4.9,259,Poor,1018.9,79.3
2024-01-17,Hyderabad,Telangana,25.7,17.7,21.7,47.1,16.1,14.7,178,Moderate,1000.7,42.7
2024-01-17,Ahmedabad,Gujarat,37.0,26.9,31.9,89.8,79.5,6.8,293,Poor,1022.6,16.1
2024-01-17,Jaipur,Rajasthan,32.6,18.8,25.7,86.4,0.0,3.9,255,Poor,1004.1,21.5
2024-01-17,Lucknow,Uttar Pradesh,31.9,17.2,24.5,71.7,19.3,23.2,277,Poor,1007.0,62.6
2024-01-17,Bhopal,Madhya Pradesh,28.5,18.5,23.5,55.9,0.0,2.6,210,Poor,994.7,96.5
2024-01-18,Mumbai,Maharashtra,44.3,35.0,39.7,50.3,0.0,16.7,241,Poor,997.6,63.9
2024-01-18,Delhi,Delhi,28.0,22.4,25.2,80.7,14.1,3.3,114,Moderate,1014.3,98.4
2024-01-18,Bengaluru,Karnataka,27.8,21.6,24.7,49.7,0.0,13.7,230,Poor,1024.9,82.3
2024-01-18,Chennai,Tamil Nadu,31.1,19.9,25.5,64.3,19.1,12.3,168,Moderate,996.8,39.9
2024-01-18,Kolkata,West Bengal,41.6,29.2,35.4,80.0,0.0,2.4,82,Satisfactory,999.1,77.2
2024-01-18,Hyderabad,Telangana,35.7,28.6,32.1,30.8,2.5,24.1,209,Poor,1007.1,15.4
2024-01-18,Ahmedabad,Gujarat,34.1,20.6,27.4,36.4,0.0,19.0,162,Moderate,1006.7,40.7
2024-01-18,Jaipur,Rajasthan,34.2,21.3,27.8,88.0,0.0,17.8,300,Poor,1005.3,29.2
2024-01-18,Lucknow,Uttar Pradesh,25.8,11.8,18.8,60.0,56.2,16.6,200,Moderate,1011.5,11.3
2024-01-18,Bhopal,Madhya Pradesh,28.0,15.6,21.8,63.3,0.0,18.5,43,Good,992.5,11.8
2024-01-19,Mumbai,Maharashtra,44.1,31.8,37.9,53.0,3.0,17.2,70,Satisfactory,996.5,21.5
2024-01-19,Delhi,Delhi,38.2,25.6,31.9,47.2,15.8,8.8,158,Moderate,1016.9,64.3
2024-01-19,Bengaluru,Karnataka,29.1,22.9,26.0,70.0,0.0,3.0,130,Moderate,1023.9,80.9
2024-01-19,Chennai,Tamil Nadu,44.6,33.6,39.1,67.9,7.5,4.9,109,Moderate,1001.8,93.2
2024-01-19,Kolkata,West Bengal,32.4,23.1,27.8,58.6,0.0,4.8,240,Poor,996.9,89.3
2024-01-19,Hyderabad,Telangana,30.7,17.6,24.1,86.0,0.0,19.4,265,Poor,1006.1,85.0
2024-01-19,Ahmedabad,Gujarat,40.5,29.0,34.7,41.5,78.9,3.0,265,Poor,995.8,17.5
2024-01-19,Jaipur,Rajasthan,41.4,34.2,37.8,62.9,0.0,15.6,215,Poor,1007.8,33.3
2024-01-19,Lucknow,Uttar Pradesh,38.8,25.0,31.9,71.4,0.0,2.2,347,Very Poor,998.6,74.0
2024-01-19,Bhopal,Madhya Pradesh,27.0,18.0,22.5,82.0,2.1,16.2,282,Poor,996.6,38.8
2024-01-20,Mumbai,Maharashtra,36.1,31.0,33.6,79.5,0.0,24.0,86,Satisfactory,1002.9,36.1
2024-01-20,Delhi,Delhi,31.1,17.3,24.2,94.8,3.7,22.4,167,Moderate,1010.8,42.2
2024-01-20,Bengaluru,Karnataka,38.9,33.9,36.4,70.3,0.0,15.5,60,Satisfactory,1006.8,66.0
2024-01-20,Chennai,Tamil Nadu,36.6,26.0,31.3,66.4,6.1,8.2,63,Satisfactory,1018.9,52.3
2024-01-20,Kolkata,West Bengal,26.2,17.8,22.0,81.0,0.0,12.1,174,Moderate,995.2,36.2
2024-01-20,Hyderabad,Telangana,26.8,19.6,23.2,68.9,79.9,16.8,283,Poor,1004.7,65.4
2024-01-20,Ahmedabad,Gujarat,27.4,18.3,22.8,84.6,0.0,6.2,48,Good,1002.7,36.8
2024-01-20,Jaipur,Rajasthan,25.5,12.2,18.8,47.7,30.9,8.0,300,Poor,1005.0,87.9
2024-01-20,Lucknow,Uttar Pradesh,28.7,15.7,22.2,59.8,0.0,18.7,266,Poor,1007.4,46.5
2024-01-20,Bhopal,Madhya Pradesh,40.3,33.7,37.0,69.7,1.4,24.0,127,Moderate,992.4,10.4
2024-01-21,Mumbai,Maharashtra,30.2,22.8,26.5,88.9,2.6,12.3,191,Moderate,1017.2,11.2
2024-01-21,Delhi,Delhi,25.7,20.0,22.9,88.9,0.0,10.0,245,Poor,1021.5,7.1
2024-01-21,Bengaluru,Karnataka,44.3,33.7,39.0,90.9,0.0,18.8,242,Poor,1024.3,29.4
2024-01-21,Chennai,Tamil Nadu,29.0,18.3,23.6,60.2,0.0,4.6,117,Moderate,995.3,26.4
2024-01-21,Kolkata,West Bengal,42.0,31.4,36.7,64.0,1.2,3.6,65,Satisfactory,1014.8,56.6
2024-01-21,Hyderabad,Telangana,34.2,24.3,29.2,40.8,9.5,12.6,209,Poor,1004.4,66.8
2024-01-21,Ahmedabad,Gujarat,26.2,16.1,21.2,82.4,4.6,6.6,142,Moderate,999.1,20.6
2024-01-21,Jaipur,Rajasthan,40.1,29.9,35.0,43.3,71.6,7.5,279,Poor,1005.8,98.6
2024-01-21,Lucknow,Uttar Pradesh,25.5,19.9,22.7,60.2,0.0,4.4,157,Moderate,1013.0,83.1
2024-01-21,Bhopal,Madhya Pradesh,40.5,25.9,33.2,43.2,5.3,15.3,162,Moderate,1012.2,80.8
2024-01-22,Mumbai,Maharashtra,43.3,33.0,38.1,40.3,0.0,21.7,344,Very Poor,1021.7,31.3
2024-01-22,Delhi,Delhi,27.8,20.8,24.3,42.0,0.0,12.1,313,Very Poor,1011.5,12.9
2024-01-22,Bengaluru,Karnataka,41.1,31.0,36.0,92.9,4.2,16.6,172,Moderate,995.8,88.8
2024-01-22,Chennai,Tamil Nadu,28.2,23.1,25.7,66.4,60.4,3.8,306,Very Poor,1015.6,22.8
2024-01-22,Kolkata,West Bengal,41.4,31.0,36.2,76.2,3.2,12.6,296,Poor,1002.5,52.0
2024-01-22,Hyderabad,Telangana,31.7,25.0,28.3,76.3,0.0,5.3,272,Poor,1002.2,47.8
2024-01-22,Ahmedabad,Gujarat,38.0,26.8,32.4,52.9,43.0,16.6,140,Moderate,994.4,69.2
2024-01-22,Jaipur,Rajasthan,38.7,33.0,35.9,41.4,8.6,8.4,198,Moderate,1012.5,70.9
2024-01-22,Lucknow,Uttar Pradesh,31.1,24.0,27.5,32.2,55.7,22.0,246,Poor,1016.8,79.9
2024-01-22,Bhopal,Madhya Pradesh,30.2,16.1,23.2,73.6,0.0,12.6,157,Moderate,1020.3,56.9
2024-01-23,Mumbai,Maharashtra,44.5,38.4,41.5,57.5,61.8,8.4,322,Very Poor,1020.0,32.8
2024-01-23,Delhi,Delhi,40.1,27.0,33.6,31.2,0.0,21.1,74,Satisfactory,999.9,87.9
2024-01-23,Bengaluru,Karnataka,39.1,28.7,33.9,36.3,0.0,8.9,132,Moderate,1010.9,33.2
2024-01-23,Chennai,Tamil Nadu,39.9,34.4,37.1,88.7,0.0,22.5,114,Moderate,996.5,12.5
2024-01-23,Kolkata,West Bengal,40.9,35.5,38.2,67.9,0.0,3.5,75,Satisfactory,1019.1,61.9
2024-01-23,Hyderabad,Telangana,26.9,12.8,19.8,73.5,0.0,13.9,174,Moderate,1005.1,35.1
2024-01-23,Ahmedabad,Gujarat,40.5,29.5,35.0,88.0,4.5,15.6,198,Moderate,1014.6,27.6
2024-01-23,Jaipur,Rajasthan,27.1,18.2,22.7,61.7,6.6,19.1,61,Satisfactory,1007.7,65.2
2024-01-23,Lucknow,Uttar Pradesh,30.1,21.5,25.8,60.7,0.0,24.3,100,Satisfactory,1001.6,50.8
2024-01-23,Bhopal,Madhya Pradesh,37.2,29.4,33.3,43.5,0.0,7.0,145,Moderate,991.3,15.3
2024-01-24,Mumbai,Maharashtra,41.1,30.3,35.7,63.3,0.0,4.0,147,Moderate,1011.6,15.8
2024-01-24,Delhi,Delhi,35.1,21.4,28.3,62.1,0.0,8.3,167,Moderate,1003.8,45.1
2024-01-24,Bengaluru,Karnataka,43.2,31.0,37.1,69.5,67.7,20.9,55,Satisfactory,990.1,65.5
2024-01-24,Chennai,Tamil Nadu,30.2,24.6,27.4,69.2,0.0,12.5,169,Moderate,1002.9,16.5
2024-01-24,Kolkata,West Bengal,40.0,34.3,37.2,35.2,3.6,17.6,43,Good,1002.7,61.4
2024-01-24,Hyderabad,Telangana,37.7,23.6,30.7,69.8,0.0,22.8,84,Satisfactory,992.3,55.7
2024-01-24,Ahmedabad,Gujarat,25.2,16.0,20.6,49.2,0.0,4.8,266,Poor,1009.6,37.6
2024-01-24,Jaipur,Rajasthan,38.0,24.6,31.3,75.0,0.0,9.0,287,Poor,1017.6,47.4
2024-01-24,Lucknow,Uttar Pradesh,41.4,27.9,34.7,89.6,0.0,10.5,253,Poor,1011.0,72.0
2024-01-24,Bhopal,Madhya Pradesh,32.5,25.8,29.2,58.0,0.0,5.6,237,Poor,990.9,66.4
2024-01-25,Mumbai,Maharashtra,31.8,26.1,29.0,56.6,3.2,10.4,180,Moderate,997.6,98.9
2024-01-25,Delhi,Delhi,38.8,32.4,35.6,61.6,45.4,10.8,160,Moderate,991.4,7.9
2024-01-25,Bengaluru,Karnataka,28.2,23.0,25.6,79.2,30.2,4.7,315,Very Poor,1023.5,34.8
2024-01-25,Chennai,Tamil Nadu,37.1,23.8,30.4,94.0,0.0,10.9,87,Satisfactory,1001.9,56.4
2024-01-25,Kolkata,West Bengal,36.1,25.7,30.9,79.5,0.0,8.0,146,Moderate,996.8,10.5
2024-01-25,Hyderabad,Telangana,30.4,15.7,23.1,66.3,0.0,12.2,164,Moderate,1011.9,51.4
2024-01-25,Ahmedabad,Gujarat,44.9,31.1,38.0,70.5,0.0,11.1,208,Poor,991.4,50.2
2024-01-25,Jaipur,Rajasthan,29.6,14.9,22.2,89.1,47.3,5.0,286,Poor,1017.7,16.9
2024-01-25,Lucknow,Uttar Pradesh,30.5,16.7,23.6,91.4,42.4,13.1,156,Moderate,1020.2,60.9
2024-01-25,Bhopal,Madhya Pradesh,30.7,23.7,27.2,79.5,0.0,15.3,166,Moderate,1020.3,98.2
2024-01-26,Mumbai,Maharashtra,41.6,28.9,35.2,67.3,0.0,21.6,316,Very Poor,1005.4,85.5
2024-01-26,Delhi,Delhi,26.2,12.4,19.3,59.1,53.9,2.4,264,Poor,1006.7,70.3
2024-01-26,Bengaluru,Karnataka,38.9,32.5,35.7,49.5,0.0,6.8,349,Very Poor,1023.5,5.8
2024-01-26,Chennai,Tamil Nadu,38.5,25.3,31.9,49.2,0.2,19.0,278,Poor,995.0,76.6
2024-01-26,Kolkata,West Bengal,38.2,25.5,31.8,85.0,0.0,3.8,60,Satisfactory,1004.3,43.7
2024-01-26,Hyderabad,Telangana,32.0,25.9,28.9,82.5,15.1,14.0,195,Moderate,1000.5,12.3
2024-01-26,Ahmedabad,Gujarat,40.9,28.8,34.9,33.3,0.0,7.3,328,Very Poor,999.8,81.3
2024-01-26,Jaipur,Rajasthan,33.1,19.0,26.1,50.9,4.8,24.5,240,Poor,1011.1,39.0
2024-01-26,Lucknow,Uttar Pradesh,27.5,13.6,20.5,62.7,4.5,3.7,261,Poor,1013.9,28.0
2024-01-26,Bhopal,Madhya Pradesh,41.5,28.4,34.9,65.9,5.2,8.2,81,Satisfactory,1007.4,32.0
2024-01-27,Mumbai,Maharashtra,37.6,32.0,34.8,78.7,0.0,3.1,59,Satisfactory,999.7,72.2
2024-01-27,Delhi,Delhi,41.8,36.7,39.3,46.0,0.0,10.3,137,Moderate,999.5,85.1
2024-01-27,Bengaluru,Karnataka,40.8,26.9,33.8,58.2,36.4,4.1,160,Moderate,1014.0,51.9
2024-01-27,Chennai,Tamil Nadu,37.7,25.6,31.6,30.3,1.8,24.2,257,Poor,1016.6,95.3
2024-01-27,Kolkata,West Bengal,31.0,24.9,27.9,80.8,0.0,24.0,181,Moderate,1007.5,46.1
2024-01-27,Hyderabad,Telangana,29.2,20.5,24.8,54.0,0.0,20.9,243,Poor,1019.8,25.1
2024-01-27,Ahmedabad,Gujarat,34.4,20.6,27.5,44.0,0.0,5.1,137,Moderate,1012.8,75.2
2024-01-27,Jaipur,Rajasthan,37.9,28.9,33.4,76.4,0.0,10.5,199,Moderate,992.0,15.6
2024-01-27,Lucknow,Uttar Pradesh,30.4,17.0,23.7,31.0,0.0,4.9,165,Moderate,1004.5,51.8
2024-01-27,Bhopal,Madhya Pradesh,35.6,24.7,30.1,30.6,0.0,17.6,279,Poor,1000.9,78.5
2024-01-28,Mumbai,Maharashtra,35.4,20.7,28.0,38.2,0.3,4.8,130,Moderate,999.3,6.7
2024-01-28,Delhi,Delhi,40.5,30.3,35.4,52.6,0.0,16.9,47,Good,1024.1,85.5
2024-01-28,Bengaluru,Karnataka,43.0,30.1,36.6,80.7,0.0,3.5,190,Moderate,998.0,28.4
2024-01-28,Chennai,Tamil Nadu,39.9,30.2,35.1,33.8,9.6,24.8,63,Satisfactory,1009.1,96.5
2024-01-28,Kolkata,West Bengal,32.3,25.1,28.7,42.7,1.5,15.3,237,Poor,995.1,82.1
2024-01-28,Hyderabad,Telangana,32.8,21.0,26.9,46.9,0.0,12.8,59,Satisfactory,1021.2,72.2
2024-01-28,Ahmedabad,Gujarat,27.9,22.9,25.4,71.0,19.4,14.2,250,Poor,998.5,52.6
2024-01-28,Jaipur,Rajasthan,26.5,18.8,22.7,82.5,0.0,3.0,104,Moderate,995.8,47.3
2024-01-28,Lucknow,Uttar Pradesh,26.0,12.6,19.3,93.8,0.0,24.1,348,Very Poor,996.9,95.4
2024-01-28,Bhopal,Madhya Pradesh,39.2,24.4,31.8,67.0,0.0,3.7,98,Satisfactory,1011.8,98.2
2024-01-29,Mumbai,Maharashtra,40.9,26.8,33.8,91.3,46.5,19.4,262,Poor,995.7,50.3
2024-01-29,Delhi,Delhi,29.9,18.5,24.2,73.3,1.7,13.5,150,Moderate,990.4,5.9
2024-01-29,Bengaluru,Karnataka,43.5,36.2,39.9,71.2,2.3,18.8,49,Good,993.3,45.7
2024-01-29,Chennai,Tamil Nadu,34.6,23.0,28.8,37.7,37.8,24.8,155,Moderate,991.6,77.3
2024-01-29,Kolkata,West Bengal,32.8,20.3,26.6,89.7,0.0,20.1,151,Moderate,998.8,58.6
2024-01-29,Hyderabad,Telangana,38.1,30.7,34.4,42.5,0.0,7.1,94,Satisfactory,991.4,8.4
2024-01-29,Ahmedabad,Gujarat,42.3,34.5,38.4,91.8,0.0,13.9,149,Moderate,1016.6,31.8
2024-01-29,Jaipur,Rajasthan,42.9,28.4,35.6,88.0,0.0,13.4,97,Satisfactory,997.2,61.2
2024-01-29,Lucknow,Uttar Pradesh,31.6,18.1,24.9,43.5,14.8,13.7,299,Poor,1004.3,82.0
2024-01-29,Bhopal,Madhya Pradesh,31.6,19.7,25.7,80.1,20.6,14.4,51,Satisfactory,999.9,45.4
2024-01-30,Mumbai,Maharashtra,27.6,14.9,21.2,30.0,0.0,24.4,134,Moderate,997.9,33.9
2024-01-30,Delhi,Delhi,29.6,24.6,27.1,77.4,9.7,19.1,133,Moderate,1019.7,45.1
2024-01-30,Bengaluru,Karnataka,31.5,19.4,25.4,83.1,36.0,20.6,161,Moderate,1024.5,76.7
2024-01-30,Chennai,Tamil Nadu,36.8,25.2,31.0,35.1,0.0,20.0,53,Satisfactory,1010.4,95.5
2024-01-30,Kolkata,West Bengal,30.3,19.3,24.8,49.3,0.0,13.8,329,Very Poor,1007.8,40.1
2024-01-30,Hyderabad,Telangana,41.6,29.6,35.6,76.4,4.7,18.8,290,Poor,1020.2,31.0
2024-01-30,Ahmedabad,Gujarat,28.9,20.5,24.7,51.8,9.8,18.7,193,Moderate,1009.7,95.0
2024-01-30,Jaipur,Rajasthan,32.6,26.0,29.3,81.1,0.0,21.3,340,Very Poor,990.4,71.9
2024-01-30,Lucknow,Uttar Pradesh,33.8,26.4,30.1,75.8,48.3,3.2,307,Very Poor,1007.7,73.3
2024-01-30,Bhopal,Madhya Pradesh,28.6,15.6,22.1,65.9,19.2,5.6,310,Very Poor,1000.8,32.6
2024-01-31,Mumbai,Maharashtra,38.5,25.5,32.0,46.3,6.3,22.8,56,Satisfactory,990.4,69.0
2024-01-31,Delhi,Delhi,36.0,28.1,32.0,49.9,0.0,18.9,282,Poor,1004.2,11.5
2024-01-31,Bengaluru,Karnataka,30.7,21.4,26.1,74.6,0.0,23.7,236,Poor,1012.5,68.8
2024-01-31,Chennai,Tamil Nadu,29.0,19.8,24.4,78.8,0.0,11.9,200,Moderate,1024.3,11.4
2024-01-31,Kolkata,West Bengal,28.6,13.9,21.2,37.4,4.1,11.7,121,Moderate,1002.1,42.8
2024-01-31,Hyderabad,Telangana,29.1,19.3,24.2,47.5,56.0,15.9,334,Very Poor,992.7,12.2
2024-01-31,Ahmedabad,Gujarat,30.9,25.0,28.0,68.9,0.0,2.3,249,Poor,1023.8,28.8
2024-01-31,Jaipur,Rajasthan,39.1,28.0,33.6,50.3,51.8,23.8,332,Very Poor,993.7,19.7
2024-01-31,Lucknow,Uttar Pradesh,39.7,25.9,32.8,43.2,5.9,11.4,118,Moderate,990.5,60.4
2024-01-31,Bhopal,Madhya Pradesh,34.0,19.4,26.7,55.9,8.4,24.5,174,Moderate,993.6,5.8
2024-02-01,Mumbai,Maharashtra,26.9,14.4,20.6,89.4,0.0,18.6,230,Poor,990.3,61.0
2024-02-01,Delhi,Delhi,37.8,30.3,34.0,76.4,23.9,19.0,106,Moderate,990.5,28.6
2024-02-01,Bengaluru,Karnataka,30.4,22.9,26.7,34.1,4.6,17.5,299,Poor,992.8,95.4
2024-02-01,Chennai,Tamil Nadu,41.1,27.9,34.5,90.6,5.5,19.1,61,Satisfactory,1015.8,54.5
2024-02-01,Kolkata,West Bengal,32.4,18.2,25.3,68.0,0.0,22.6,180,Moderate,1013.3,79.8
2024-02-01,Hyderabad,Telangana,37.6,30.1,33.9,75.9,4.3,23.5,130,Moderate,992.2,83.4
2024-02-01,Ahmedabad,Gujarat,33.9,28.7,31.3,49.6,0.0,23.3,166,Moderate,993.7,77.6
2024-02-01,Jaipur,Rajasthan,38.1,30.5,34.3,40.4,0.0,17.3,252,Poor,1020.9,82.3
2024-02-01,Lucknow,Uttar Pradesh,27.2,19.3,23.3,50.1,0.0,10.2,284,Poor,1002.4,83.7
2024-02-01,Bhopal,Madhya Pradesh,31.2,17.0,24.1,91.9,0.0,23.6,161,Moderate,1020.7,14.7
2024-02-02,Mumbai,Maharashtra,36.1,26.0,31.1,42.6,8.6,21.8,229,Poor,1016.2,46.7
2024-02-02,Delhi,Delhi,28.2,16.5,22.3,41.7,0.0,5.8,267,Poor,990.1,73.3
2024-02-02,Bengaluru,Karnataka,35.3,28.7,32.0,35.4,21.6,7.6,108,Moderate,1002.4,15.0
2024-02-02,Chennai,Tamil Nadu,35.4,24.3,29.8,45.9,0.0,7.0,212,Poor,1023.6,63.5
2024-02-02,Kolkata,West Bengal,33.3,24.0,28.7,65.2,0.0,13.5,235,Poor,1004.4,87.7
2024-02-02,Hyderabad,Telangana,35.7,29.5,32.6,69.4,0.0,17.9,317,Very Poor,997.2,42.2
2024-02-02,Ahmedabad,Gujarat,29.1,19.0,24.0,57.3,0.0,12.9,253,Poor,1009.6,64.7
2024-02-02,Jaipur,Rajasthan,30.1,25.0,27.5,77.0,5.4,21.4,285,Poor,1007.0,36.7
2024-02-02,Lucknow,Uttar Pradesh,34.0,27.2,30.6,85.6,0.0,10.9,103,Moderate,1018.1,90.7
2024-02-02,Bhopal,Madhya Pradesh,26.3,12.6,19.5,55.3,0.0,16.9,289,Poor,992.6,40.7
2024-02-03,Mumbai,Maharashtra,33.7,18.7,26.2,66.3,0.0,10.6,183,Moderate,992.4,40.1
2024-02-03,Delhi,Delhi,39.5,27.9,33.7,76.1,0.2,13.1,279,Poor,990.2,81.4
2024-02-03,Bengaluru,Karnataka,36.0,30.3,33.1,79.8,5.9,20.5,248,Poor,1008.1,18.3
2024-02-03,Chennai,Tamil Nadu,37.4,25.0,31.2,41.0,2.0,22.9,242,Poor,1016.6,61.7
2024-02-03,Kolkata,West Bengal,42.8,32.0,37.4,71.1,1.6,8.2,114,Moderate,997.1,34.8
2024-02-03,Hyderabad,Telangana,29.3,20.0,24.7,89.0,0.0,18.0,244,Poor,1003.4,83.1
2024-02-03,Ahmedabad,Gujarat,40.9,33.2,37.1,75.0,2.7,9.5,255,Poor,999.4,23.1
2024-02-03,Jaipur,Rajasthan,29.4,18.4,23.9,47.2,6.7,19.5,256,Poor,996.6,13.4
2024-02-03,Lucknow,Uttar Pradesh,32.4,23.0,27.7,32.0,12.4,7.6,246,Poor,1009.5,8.7
2024-02-03,Bhopal,Madhya Pradesh,31.5,17.5,24.5,87.7,73.1,21.0,218,Poor,1019.6,28.7
2024-02-04,Mumbai,Maharashtra,26.3,20.4,23.4,94.9,3.3,21.7,52,Satisfactory,1024.9,27.9
2024-02-04,Delhi,Delhi,33.2,26.9,30.1,31.5,0.0,9.2,44,Good,1012.9,27.0
2024-02-04,Bengaluru,Karnataka,40.3,29.0,34.7,79.5,0.5,15.0,221,Poor,1011.9,87.1
2024-02-04,Chennai,Tamil Nadu,36.6,21.7,29.2,79.2,0.0,7.3,328,Very Poor,1010.9,93.2
2024-02-04,Kolkata,West Bengal,31.8,21.6,26.7,43.8,10.0,20.5,56,Satisfactory,1015.0,61.4
2024-02-04,Hyderabad,Telangana,34.1,22.3,28.2,74.0,0.0,13.5,241,Poor,1014.2,71.2
2024-02-04,Ahmedabad,Gujarat,30.5,23.9,27.2,71.3,6.0,12.5,92,Satisfactory,1013.4,84.5
2024-02-04,Jaipur,Rajasthan,25.4,12.6,19.0,69.6,7.0,24.1,164,Moderate,1008.8,51.4
2024-02-04,Lucknow,Uttar Pradesh,28.1,17.3,22.7,48.0,0.0,10.2,171,Moderate,991.8,8.0
2024-02-04,Bhopal,Madhya Pradesh,26.7,15.6,21.2,87.3,0.0,21.8,268,Poor,1021.0,23.7
2024-02-05,Mumbai,Maharashtra,30.7,17.7,24.2,94.8,0.4,24.4,59,Satisfactory,1006.3,85.5
2024-02-05,Delhi,Delhi,31.7,26.0,28.9,93.4,69.7,4.0,105,Moderate,1003.5,11.7
2024-02-05,Bengaluru,Karnataka,29.6,19.9,24.7,47.5,0.0,24.4,176,Moderate,1016.6,96.9
2024-02-05,Chennai,Tamil Nadu,30.6,17.6,24.1,51.2,0.0,7.9,59,Satisfactory,1002.4,69.0
2024-02-05,Kolkata,West Bengal,29.2,16.1,22.7,39.5,0.0,3.9,214,Poor,1007.0,33.7
2024-02-05,Hyderabad,Telangana,41.1,34.7,37.9,67.7,5.1,8.3,182,Moderate,1007.1,12.8
2024-02-05,Ahmedabad,Gujarat,31.1,17.9,24.5,33.7,4.2,15.2,307,Very Poor,1013.4,78.8
2024-02-05,Jaipur,Rajasthan,31.3,20.9,26.1,84.6,0.0,6.5,192,Moderate,1007.1,75.5
2024-02-05,Lucknow,Uttar Pradesh,34.7,21.3,28.0,53.5,0.0,12.4,100,Satisfactory,1016.7,17.0
2024-02-05,Bhopal,Madhya Pradesh,44.0,37.3,40.7,66.9,5.8,7.3,245,Poor,1009.3,40.4
2024-02-06,Mumbai,Maharashtra,27.8,17.1,22.5,42.0,0.0,21.0,340,Very Poor,1000.0,93.1
2024-02-06,Delhi,Delhi,36.4,30.0,33.2,54.3,0.0,14.8,94,Satisfactory,1019.6,80.6
2024-02-06,Bengaluru,Karnataka,38.5,31.3,34.9,44.2,0.0,2.0,234,Poor,1020.5,80.3
2024-02-06,Chennai,Tamil Nadu,40.0,33.5,36.7,59.8,0.0,23.2,104,Moderate,991.4,32.7
2024-02-06,Kolkata,West Bengal,29.8,15.7,22.7,60.4,0.0,13.2,349,Very Poor,1005.0,61.7
2024-02-06,Hyderabad,Telangana,40.4,31.4,35.9,83.8,0.0,9.8,322,Very Poor,1007.9,63.4
2024-02-06,Ahmedabad,Gujarat,35.2,25.2,30.2,33.3,0.0,21.3,179,Moderate,995.6,7.4
2024-02-06,Jaipur,Rajasthan,29.7,24.3,27.0,77.1,0.0,6.0,161,Moderate,1003.3,81.1
2024-02-06,Lucknow,Uttar Pradesh,40.0,33.8,36.9,80.2,0.0,23.4,45,Good,1003.6,11.3
2024-02-06,Bhopal,Madhya Pradesh,41.5,31.3,36.4,80.4,0.0,24.1,122,Moderate,1013.4,93.7
2024-02-07,Mumbai,Maharashtra,37.2,25.4,31.3,50.6,76.3,19.0,338,Very Poor,999.7,31.8
2024-02-07,Delhi,Delhi,25.2,13.0,19.1,75.9,0.0,9.8,120,Moderate,992.8,47.1
2024-02-07,Bengaluru,Karnataka,31.9,18.5,25.2,90.8,36.1,3.4,224,Poor,993.2,20.5
2024-02-07,Chennai,Tamil Nadu,28.0,13.3,20.7,59.0,0.0,17.2,219,Poor,1016.3,76.6
2024-02-07,Kolkata,West Bengal,43.1,29.9,36.5,79.2,0.0,17.3,314,Very Poor,1004.4,43.2
2024-02-07,Hyderabad,Telangana,42.9,28.8,35.9,50.4,0.0,6.2,297,Poor,1002.0,45.8
2024-02-07,Ahmedabad,Gujarat,27.4,15.0,21.2,64.5,0.0,15.7,76,Satisfactory,1005.2,20.6
2024-02-07,Jaipur,Rajasthan,35.9,21.9,28.9,52.4,56.1,20.9,318,Very Poor,1009.8,67.4
2024-02-07,Lucknow,Uttar Pradesh,33.0,24.7,28.9,30.7,0.0,15.3,343,Very Poor,1006.2,16.3
2024-02-07,Bhopal,Madhya Pradesh,29.3,23.6,26.5,68.7,7.4,14.2,216,Poor,993.6,21.4
2024-02-08,Mumbai,Maharashtra,30.9,16.5,23.7,83.2,28.2,11.9,56,Satisfactory,1002.2,9.8
2024-02-08,Delhi,Delhi,38.8,29.3,34.1,44.7,0.0,10.3,187,Moderate,1018.8,83.0
2024-02-08,Bengaluru,Karnataka,32.0,23.4,27.7,82.4,0.0,12.7,108,Moderate,1006.9,84.9
2024-02-08,Chennai,Tamil Nadu,32.6,19.5,26.1,83.5,0.0,23.4,251,Poor,994.2,93.7
2024-02-08,Kolkata,West Bengal,35.6,30.3,33.0,60.9,4.1,24.3,61,Satisfactory,1009.7,72.9
2024-02-08,Hyderabad,Telangana,33.4,27.2,30.3,69.8,0.0,10.2,298,Poor,1009.3,43.3
2024-02-08,Ahmedabad,Gujarat,41.3,30.2,35.7,54.3,0.0,11.5,61,Satisfactory,1013.7,67.5
2024-02-08,Jaipur,Rajasthan,32.9,26.1,29.5,40.2,0.0,5.9,111,Moderate,1020.8,57.9
2024-02-08,Lucknow,Uttar Pradesh,35.0,22.7,28.9,92.3,72.0,23.1,164,Moderate,1012.2,64.8
2024-02-08,Bhopal,Madhya Pradesh,40.0,29.7,34.9,74.0,4.3,5.4,301,Very Poor,1019.2,56.3
2024-02-09,Mumbai,Maharashtra,33.6,24.8,29.2,89.5,0.0,13.8,140,Moderate,1000.8,59.4
2024-02-09,Delhi,Delhi,25.8,18.1,21.9,30.4,0.0,18.8,289,Poor,1002.1,68.8
2024-02-09,Bengaluru,Karnataka,43.9,34.9,39.4,80.9,0.0,15.9,77,Satisfactory,1013.1,70.4
2024-02-09,Chennai,Tamil Nadu,43.8,37.0,40.4,70.5,0.0,11.6,169,Moderate,995.6,21.2
2024-02-09,Kolkata,West Bengal,40.1,26.2,33.2,35.5,0.0,17.2,112,Moderate,1011.1,20.5
2024-02-09,Hyderabad,Telangana,25.5,12.1,18.8,93.4,26.2,23.3,52,Satisfactory,1004.7,9.8
2024-02-09,Ahmedabad,Gujarat,36.5,27.6,32.0,31.9,5.9,9.0,163,Moderate,991.4,60.9
2024-02-09,Jaipur,Rajasthan,44.5,34.0,39.3,47.9,29.0,10.6,172,Moderate,1009.2,9.8
2024-02-09,Lucknow,Uttar Pradesh,41.6,28.6,35.1,44.6,67.2,4.2,309,Very Poor,1005.8,37.1
2024-02-09,Bhopal,Madhya Pradesh,26.7,19.6,23.1,78.9,0.0,9.7,90,Satisfactory,1003.8,55.3
2024-02-10,Mumbai,Maharashtra,36.4,23.4,29.9,79.4,0.0,10.3,57,Satisfactory,1004.3,69.6
2024-02-10,Delhi,Delhi,25.7,16.8,21.2,75.3,0.0,22.4,111,Moderate,1021.3,33.2
2024-02-10,Bengaluru,Karnataka,33.2,25.8,29.5,73.7,8.3,11.1,151,Moderate,995.5,75.1
2024-02-10,Chennai,Tamil Nadu,38.4,30.7,34.6,35.3,20.9,24.5,219,Poor,1017.8,67.6
2024-02-10,Kolkata,West Bengal,42.3,34.4,38.4,60.4,0.0,9.6,102,Moderate,1009.7,85.8
2024-02-10,Hyderabad,Telangana,43.7,31.8,37.7,83.5,0.0,20.8,347,Very Poor,991.4,89.5
2024-02-10,Ahmedabad,Gujarat,30.9,23.8,27.3,79.7,0.0,4.9,302,Very Poor,1024.3,69.0
2024-02-10,Jaipur,Rajasthan,31.5,19.7,25.6,68.6,0.0,11.9,110,Moderate,999.7,78.0
2024-02-10,Lucknow,Uttar Pradesh,38.8,31.5,35.2,70.6,0.0,5.0,53,Satisfactory,1011.2,85.7
2024-02-10,Bhopal,Madhya Pradesh,39.7,31.3,35.5,61.1,0.0,2.3,48,Good,992.9,29.6
2024-02-11,Mumbai,Maharashtra,37.6,28.4,33.0,65.6,1.8,24.2,218,Poor,991.8,89.6
2024-02-11,Delhi,Delhi,36.3,26.3,31.3,34.5,0.0,23.1,261,Poor,1004.2,18.6
2024-02-11,Bengaluru,Karnataka,30.9,20.6,25.7,75.4,9.0,17.6,40,Good,1023.1,33.1
2024-02-11,Chennai,Tamil Nadu,30.4,23.3,26.8,73.0,0.0,18.8,212,Poor,1001.3,68.2
2024-02-11,Kolkata,West Bengal,31.9,25.5,28.7,36.1,8.3,4.4,281,Poor,1004.1,74.2
2024-02-11,Hyderabad,Telangana,27.4,22.4,24.9,76.3,0.0,14.4,215,Poor,1019.8,96.0
2024-02-11,Ahmedabad,Gujarat,35.3,29.4,32.4,65.7,0.0,7.5,69,Satisfactory,993.3,34.9
2024-02-11,Jaipur,Rajasthan,28.5,13.7,21.1,58.9,71.2,15.4,134,Moderate,1018.4,36.1
2024-02-11,Lucknow,Uttar Pradesh,33.1,21.3,27.2,74.3,3.2,5.0,257,Poor,1010.2,70.9
2024-02-11,Bhopal,Madhya Pradesh,40.1,26.3,33.2,62.5,0.0,2.6,231,Poor,1000.0,47.1
2024-02-12,Mumbai,Maharashtra,42.0,35.0,38.5,38.2,0.0,15.5,57,Satisfactory,1008.9,13.2
2024-02-12,Delhi,Delhi,27.1,16.3,21.7,65.4,2.4,3.0,118,Moderate,1007.4,70.5
2024-02-12,Bengaluru,Karnataka,31.2,20.0,25.6,88.4,8.1,10.4,98,Satisfactory,1012.4,49.3
2024-02-12,Chennai,Tamil Nadu,39.0,28.5,33.8,53.3,0.0,3.3,142,Moderate,1016.8,71.7
2024-02-12,Kolkata,West Bengal,38.5,29.6,34.0,79.2,38.9,7.8,340,Very Poor,994.2,60.5
2024-02-12,Hyderabad,Telangana,32.6,26.9,29.7,52.1,5.1,24.9,164,Moderate,1005.8,38.7
2024-02-12,Ahmedabad,Gujarat,27.3,13.5,20.4,57.0,0.0,16.9,331,Very Poor,992.2,82.3
2024-02-12,Jaipur,Rajasthan,38.0,23.4,30.7,39.8,0.0,11.2,161,Moderate,1001.8,17.0
2024-02-12,Lucknow,Uttar Pradesh,28.3,15.9,22.1,43.6,0.0,22.1,288,Poor,1010.2,37.8
2024-02-12,Bhopal,Madhya Pradesh,35.8,30.0,32.9,66.8,0.0,5.3,224,Poor,995.3,46.1
2024-02-13,Mumbai,Maharashtra,26.6,12.2,19.4,79.1,0.0,13.0,282,Poor,1012.1,83.7
2024-02-13,Delhi,Delhi,30.5,16.1,23.3,38.1,0.0,18.6,200,Moderate,991.4,43.5
2024-02-13,Bengaluru,Karnataka,36.6,22.3,29.4,73.7,66.7,2.5,292,Poor,1024.4,13.2
2024-02-13,Chennai,Tamil Nadu,30.6,24.3,27.4,58.6,0.0,15.8,107,Moderate,1021.6,41.4
2024-02-13,Kolkata,West Bengal,33.9,28.4,31.1,83.3,0.0,20.4,235,Poor,1009.4,83.5
2024-02-13,Hyderabad,Telangana,40.7,29.7,35.2,56.9,9.6,7.1,97,Satisfactory,1011.9,59.3
2024-02-13,Ahmedabad,Gujarat,26.2,15.1,20.7,79.6,5.3,3.8,97,Satisfactory,1005.5,20.5
2024-02-13,Jaipur,Rajasthan,29.0,20.2,24.6,33.3,0.0,10.8,196,Moderate,1019.4,18.8
2024-02-13,Lucknow,Uttar Pradesh,26.2,20.5,23.4,67.3,0.0,24.1,53,Satisfactory,991.7,14.3
2024-02-13,Bhopal,Madhya Pradesh,28.7,18.3,23.5,72.0,0.6,8.8,79,Satisfactory,992.7,21.1
2024-02-14,Mumbai,Maharashtra,27.5,17.3,22.4,46.0,3.6,23.8,211,Poor,995.0,41.3
2024-02-14,Delhi,Delhi,26.5,21.5,24.0,73.6,0.0,11.6,94,Satisfactory,990.8,36.9
2024-02-14,Bengaluru,Karnataka,27.0,12.4,19.7,69.0,0.0,7.4,287,Poor,993.4,22.0
2024-02-14,Chennai,Tamil Nadu,38.6,28.1,33.3,60.9,0.0,10.0,114,Moderate,1017.4,99.3
2024-02-14,Kolkata,West Bengal,42.5,29.2,35.8,44.6,38.7,6.2,266,Poor,1018.0,36.7
2024-02-14,Hyderabad,Telangana,33.4,22.6,28.0,84.1,0.0,17.9,210,Poor,994.9,44.5
2024-02-14,Ahmedabad,Gujarat,33.1,22.9,28.0,94.8,0.0,5.1,312,Very Poor,995.6,95.2
2024-02-14,Jaipur,Rajasthan,43.1,28.2,35.7,43.5,0.0,11.6,218,Poor,1002.5,61.4
2024-02-14,Lucknow,Uttar Pradesh,28.2,18.5,23.4,66.0,5.7,2.6,214,Poor,1002.4,79.1
2024-02-14,Bhopal,Madhya Pradesh,30.2,18.3,24.2,66.9,8.0,13.2,169,Moderate,994.7,29.8
2024-02-15,Mumbai,Maharashtra,37.0,26.8,31.9,48.7,0.0,18.9,331,Very Poor,990.8,60.6
2024-02-15,Delhi,Delhi,28.5,18.8,23.6,35.9,0.0,14.0,46,Good,1021.4,23.6
2024-02-15,Bengaluru,Karnataka,42.2,31.5,36.8,87.9,0.0,19.2,96,Satisfactory,1022.0,59.4
2024-02-15,Chennai,Tamil Nadu,30.4,23.4,26.9,46.0,0.0,11.8,67,Satisfactory,1011.5,12.7
2024-02-15,Kolkata,West Bengal,28.4,18.3,23.3,43.9,2.9,2.3,287,Poor,1012.7,68.5
2024-02-15,Hyderabad,Telangana,43.7,38.5,41.1,40.0,0.0,17.2,349,Very Poor,1013.8,93.5
2024-02-15,Ahmedabad,Gujarat,39.4,31.5,35.5,87.2,26.2,7.9,306,Very Poor,997.7,18.1
2024-02-15,Jaipur,Rajasthan,35.0,23.3,29.1,45.5,0.0,11.4,240,Poor,997.3,97.8
2024-02-15,Lucknow,Uttar Pradesh,43.7,35.7,39.7,80.8,58.4,11.1,266,Poor,994.6,68.8
2024-02-15,Bhopal,Madhya Pradesh,36.5,29.4,33.0,62.8,3.2,19.1,123,Moderate,998.1,43.5
2024-02-16,Mumbai,Maharashtra,29.0,16.1,22.6,89.1,62.6,21.5,156,Moderate,996.4,95.8
2024-02-16,Delhi,Delhi,31.8,26.2,29.0,61.6,0.0,20.6,306,Very Poor,1020.6,33.7
2024-02-16,Bengaluru,Karnataka,42.1,29.5,35.8,39.5,6.9,9.6,198,Moderate,1007.5,66.3
2024-02-16,Chennai,Tamil Nadu,27.4,19.3,23.3,82.2,19.6,9.6,291,Poor,1013.2,76.4
2024-02-16,Kolkata,West Bengal,43.9,35.8,39.9,85.8,1.4,17.6,92,Satisfactory,998.8,87.9
2024-02-16,Hyderabad,Telangana,26.1,13.9,20.0,60.9,0.0,21.2,263,Poor,1009.2,23.0
2024-02-16,Ahmedabad,Gujarat,35.2,24.2,29.7,60.0,8.3,4.4,256,Poor,1019.4,68.7
2024-02-16,Jaipur,Rajasthan,32.3,18.5,25.4,77.1,38.5,3.1,235,Poor,1023.6,69.5
2024-02-16,Lucknow,Uttar Pradesh,30.4,22.9,26.7,91.2,0.0,5.2,342,Very Poor,990.4,56.7
2024-02-16,Bhopal,Madhya Pradesh,32.4,23.8,28.1,52.4,40.8,13.6,344,Very Poor,1007.8,18.1
2024-02-17,Mumbai,Maharashtra,30.0,24.3,27.1,73.1,0.0,20.1,241,Poor,996.8,82.9
2024-02-17,Delhi,Delhi,33.4,23.8,28.6,46.7,0.0,15.7,325,Very Poor,1024.9,46.3
2024-02-17,Bengaluru,Karnataka,31.9,26.4,29.1,43.3,0.0,23.0,92,Satisfactory,1019.5,75.5
2024-02-17,Chennai,Tamil Nadu,27.4,21.7,24.6,77.1,0.0,13.8,232,Poor,1002.2,40.6
2024-02-17,Kolkata,West Bengal,39.4,33.3,36.3,32.3,0.0,6.4,288,Poor,991.4,42.2
2024-02-17,Hyderabad,Telangana,31.8,22.4,27.1,73.9,70.3,2.2,346,Very Poor,1017.2,48.8
2024-02-17,Ahmedabad,Gujarat,34.7,19.8,27.2,79.0,47.7,21.7,147,Moderate,993.4,72.1
2024-02-17,Jaipur,Rajasthan,25.1,16.1,20.6,45.3,8.2,2.0,112,Moderate,1000.8,27.9
2024-02-17,Lucknow,Uttar Pradesh,26.4,19.5,22.9,66.1,0.0,22.1,142,Moderate,1021.7,51.8
2024-02-17,Bhopal,Madhya Pradesh,27.1,12.6,19.9,33.9,0.0,5.8,236,Poor,1017.4,16.6
2024-02-18,Mumbai,Maharashtra,27.5,21.8,24.6,89.1,0.0,3.8,306,Very Poor,1023.4,28.5
2024-02-18,Delhi,Delhi,28.4,14.8,21.6,30.9,63.9,22.9,101,Moderate,1018.7,89.4
2024-02-18,Bengaluru,Karnataka,30.7,22.8,26.7,54.5,0.0,17.9,196,Moderate,995.9,34.5
2024-02-18,Chennai,Tamil Nadu,40.9,28.5,34.7,72.0,0.0,10.7,124,Moderate,1004.5,8.8
2024-02-18,Kolkata,West Bengal,44.1,29.6,36.8,52.9,0.0,23.8,73,Satisfactory,994.9,77.5
2024-02-18,Hyderabad,Telangana,44.6,35.8,40.2,80.4,0.0,5.4,315,Very Poor,1022.8,92.2
2024-02-18,Ahmedabad,Gujarat,37.5,24.4,31.0,34.5,3.4,10.2,292,Poor,995.2,61.7
2024-02-18,Jaipur,Rajasthan,32.6,26.3,29.5,42.8,2.5,15.8,295,Poor,1014.4,39.4
2024-02-18,Lucknow,Uttar Pradesh,29.1,19.4,24.2,82.1,17.7,9.9,253,Poor,1013.9,7.4
2024-02-18,Bhopal,Madhya Pradesh,31.3,25.8,28.5,69.6,0.0,5.4,322,Very Poor,1000.4,13.5
2024-02-19,Mumbai,Maharashtra,25.1,15.3,20.2,38.0,0.0,24.2,209,Poor,997.2,75.4
2024-02-19,Delhi,Delhi,42.7,32.1,37.4,64.7,21.6,9.5,145,Moderate,1003.0,77.2
2024-02-19,Bengaluru,Karnataka,44.0,31.7,37.9,68.8,0.0,12.7,324,Very Poor,997.9,75.7
2024-02-19,Chennai,Tamil Nadu,33.5,25.1,29.3,92.5,0.0,22.9,291,Poor,1009.9,77.4
2024-02-19,Kolkata,West Bengal,31.8,22.5,27.2,85.2,65.6,16.3,301,Very Poor,1016.0,81.5
2024-02-19,Hyderabad,Telangana,32.9,27.4,30.1,56.1,6.8,10.2,272,Poor,1012.2,22.7
2024-02-19,Ahmedabad,Gujarat,35.9,28.9,32.4,49.0,0.0,24.2,172,Moderate,1015.0,95.9
2024-02-19,Jaipur,Rajasthan,34.5,20.5,27.5,64.1,0.0,4.8,52,Satisfactory,997.2,5.1
2024-02-19,Lucknow,Uttar Pradesh,44.5,37.1,40.8,73.1,0.0,18.7,278,Poor,1011.0,74.5
2024-02-19,Bhopal,Madhya Pradesh,44.5,33.8,39.1,52.2,14.8,4.7,225,Poor,1001.5,82.5
2024-02-20,Mumbai,Maharashtra,32.9,23.1,28.0,85.5,0.0,19.9,173,Moderate,1019.7,22.3
2024-02-20,Delhi,Delhi,28.3,16.2,22.3,64.8,0.0,3.0,305,Very Poor,1001.3,58.2
2024-02-20,Bengaluru,Karnataka,38.3,29.0,33.7,92.0,0.0,8.0,77,Satisfactory,991.8,74.0
2024-02-20,Chennai,Tamil Nadu,31.1,20.7,25.9,66.7,0.0,16.2,326,Very Poor,1023.9,74.1
2024-02-20,Kolkata,West Bengal,40.2,29.3,34.8,42.5,6.7,13.3,200,Moderate,1008.5,36.8
2024-02-20,Hyderabad,Telangana,29.0,15.9,22.4,42.1,0.9,12.1,147,Moderate,999.7,58.0
2024-02-20,Ahmedabad,Gujarat,43.7,29.4,36.5,62.7,0.0,12.9,43,Good,1001.8,92.5
2024-02-20,Jaipur,Rajasthan,36.1,23.6,29.9,61.5,0.0,16.1,173,Moderate,998.3,50.9
2024-02-20,Lucknow,Uttar Pradesh,26.5,20.4,23.5,84.4,0.0,19.7,76,Satisfactory,992.2,59.8
2024-02-20,Bhopal,Madhya Pradesh,25.7,20.2,23.0,84.2,0.0,21.4,52,Satisfactory,999.2,45.1
2024-02-21,Mumbai,Maharashtra,34.0,23.2,28.6,67.1,0.0,10.4,339,Very Poor,993.5,77.8
2024-02-21,Delhi,Delhi,44.4,30.8,37.6,69.1,7.0,12.5,127,Moderate,1006.9,77.0
2024-02-21,Bengaluru,Karnataka,31.4,17.1,24.2,33.7,4.9,14.6,304,Very Poor,998.7,37.6
2024-02-21,Chennai,Tamil Nadu,36.2,26.0,31.1,36.5,0.0,15.9,329,Very Poor,992.8,69.9
2024-02-21,Kolkata,West Bengal,36.5,30.3,33.4,67.8,38.4,16.9,80,Satisfactory,1021.5,64.2
2024-02-21,Hyderabad,Telangana,31.2,24.2,27.7,89.1,0.0,6.2,109,Moderate,1016.5,50.0
2024-02-21,Ahmedabad,Gujarat,37.3,31.9,34.6,51.2,20.4,6.8,278,Poor,994.6,24.3
2024-02-21,Jaipur,Rajasthan,33.5,22.9,28.2,31.4,0.4,22.4,323,Very Poor,993.0,56.1
2024-02-21,Lucknow,Uttar Pradesh,32.8,19.5,26.1,38.7,62.6,17.6,125,Moderate,1002.7,94.1
2024-02-21,Bhopal,Madhya Pradesh,31.6,19.6,25.6,79.7,9.3,19.0,127,Moderate,992.2,41.8
2024-02-22,Mumbai,Maharashtra,31.1,16.3,23.7,71.8,0.0,20.4,96,Satisfactory,1005.2,87.6
2024-02-22,Delhi,Delhi,44.0,36.8,40.4,51.2,7.6,12.2,58,Satisfactory,1016.0,26.7
2024-02-22,Bengaluru,Karnataka,31.0,21.3,26.1,40.9,0.0,15.4,225,Poor,1021.0,19.4
2024-02-22,Chennai,Tamil Nadu,38.3,29.1,33.7,75.6,0.0,17.9,154,Moderate,1013.1,8.6
2024-02-22,Kolkata,West Bengal,44.6,35.4,40.0,62.6,0.0,20.3,187,Moderate,1020.3,48.4
2024-02-22,Hyderabad,Telangana,32.7,18.1,25.4,75.3,0.0,3.6,312,Very Poor,1009.2,44.6
2024-02-22,Ahmedabad,Gujarat,29.1,15.8,22.4,66.2,0.0,8.7,134,Moderate,1006.4,86.5
2024-02-22,Jaipur,Rajasthan,28.9,22.6,25.7,49.4,0.0,5.8,146,Moderate,1001.6,94.3
2024-02-22,Lucknow,Uttar Pradesh,44.8,34.9,39.8,41.6,8.9,24.6,263,Poor,991.8,14.2
2024-02-22,Bhopal,Madhya Pradesh,30.6,23.8,27.2,32.6,0.0,12.8,48,Good,1011.2,45.7
2024-02-23,Mumbai,Maharashtra,40.7,35.6,38.1,79.5,0.0,13.0,317,Very Poor,1003.6,89.3
2024-02-23,Delhi,Delhi,31.7,20.6,26.1,90.2,0.0,8.4,219,Poor,1023.6,18.6
2024-02-23,Bengaluru,Karnataka,30.7,22.9,26.8,56.3,0.0,3.9,198,Moderate,995.4,46.8
2024-02-23,Chennai,Tamil Nadu,30.2,22.0,26.1,35.7,77.7,9.7,41,Good,1010.0,91.4
2024-02-23,Kolkata,West Bengal,41.2,26.7,34.0,35.9,0.0,2.3,254,Poor,999.0,47.7
2024-02-23,Hyderabad,Telangana,39.7,24.7,32.2,48.7,0.0,5.9,194,Moderate,1024.2,86.1
2024-02-23,Ahmedabad,Gujarat,37.1,29.8,33.4,65.3,46.1,16.1,92,Satisfactory,1003.0,78.4
2024-02-23,Jaipur,Rajasthan,32.7,24.2,28.5,58.1,7.8,15.3,113,Moderate,1002.0,81.9
2024-02-23,Lucknow,Uttar Pradesh,29.5,19.4,24.5,47.0,0.0,12.2,307,Very Poor,1023.8,59.3
2024-02-23,Bhopal,Madhya Pradesh,27.8,17.1,22.4,86.4,0.0,4.1,308,Very Poor,1006.0,42.5
2024-02-24,Mumbai,Maharashtra,29.9,15.2,22.5,92.3,34.4,24.2,203,Poor,1005.5,35.5
2024-02-24,Delhi,Delhi,38.8,31.0,34.9,77.9,0.0,10.1,139,Moderate,1001.0,51.6
2024-02-24,Bengaluru,Karnataka,28.8,20.8,24.8,93.4,0.0,24.6,261,Poor,998.5,69.7
2024-02-24,Chennai,Tamil Nadu,37.1,31.3,34.2,74.0,0.7,6.9,301,Very Poor,1019.5,7.9
2024-02-24,Kolkata,West Bengal,34.2,27.0,30.6,38.7,0.0,10.0,78,Satisfactory,1011.7,56.8
2024-02-24,Hyderabad,Telangana,30.8,23.4,27.1,43.9,0.0,10.4,335,Very Poor,1003.7,97.8
2024-02-24,Ahmedabad,Gujarat,41.0,33.6,37.3,34.4,0.0,19.9,151,Moderate,1020.0,85.3
2024-02-24,Jaipur,Rajasthan,38.7,30.6,34.7,34.0,0.0,9.6,134,Moderate,1014.3,77.8
2024-02-24,Lucknow,Uttar Pradesh,41.2,33.3,37.3,59.0,58.5,7.2,323,Very Poor,1013.2,62.9
2024-02-24,Bhopal,Madhya Pradesh,28.1,15.6,21.9,66.9,0.0,15.3,235,Poor,1021.1,59.1
2024-02-25,Mumbai,Maharashtra,35.4,29.9,32.6,45.1,0.0,13.6,183,Moderate,1001.3,29.5
2024-02-25,Delhi,Delhi,27.7,13.4,20.5,86.4,7.1,20.6,239,Poor,1016.9,15.8
2024-02-25,Bengaluru,Karnataka,41.7,30.9,36.3,72.0,0.0,16.7,130,Moderate,992.9,46.3
2024-02-25,Chennai,Tamil Nadu,35.9,29.6,32.7,75.0,0.0,5.3,184,Moderate,1020.7,55.2
2024-02-25,Kolkata,West Bengal,27.1,15.6,21.4,86.4,0.0,4.6,82,Satisfactory,991.7,29.5
2024-02-25,Hyderabad,Telangana,30.2,21.4,25.8,91.3,6.1,4.6,238,Poor,1015.8,31.1
2024-02-25,Ahmedabad,Gujarat,31.8,16.8,24.3,47.1,0.0,18.0,342,Very Poor,1015.4,84.5
2024-02-25,Jaipur,Rajasthan,44.5,38.9,41.7,83.4,0.0,17.0,176,Moderate,1024.4,91.6
2024-02-25,Lucknow,Uttar Pradesh,25.8,17.2,21.5,83.7,0.0,11.8,238,Poor,1006.4,93.2
2024-02-25,Bhopal,Madhya Pradesh,31.2,21.0,26.1,34.3,0.0,10.2,261,Poor,1013.9,67.9
2024-02-26,Mumbai,Maharashtra,30.4,22.2,26.3,38.1,0.0,22.0,182,Moderate,1021.2,47.7
2024-02-26,Delhi,Delhi,26.5,14.8,20.7,83.4,2.5,22.2,99,Satisfactory,998.5,57.3
2024-02-26,Bengaluru,Karnataka,27.0,12.9,20.0,83.3,7.6,12.1,68,Satisfactory,1002.0,56.9
2024-02-26,Chennai,Tamil Nadu,40.1,29.3,34.7,42.1,0.0,15.5,55,Satisfactory,1019.4,6.7
2024-02-26,Kolkata,West Bengal,36.5,23.3,29.9,51.2,0.0,2.6,220,Poor,1015.7,64.4
2024-02-26,Hyderabad,Telangana,39.8,28.1,34.0,43.4,0.0,17.6,234,Poor,1020.1,96.5
2024-02-26,Ahmedabad,Gujarat,28.7,22.6,25.7,82.8,5.8,18.2,271,Poor,1019.2,10.3
2024-02-26,Jaipur,Rajasthan,42.0,34.2,38.1,71.6,0.0,15.3,94,Satisfactory,995.8,72.7
2024-02-26,Lucknow,Uttar Pradesh,29.7,19.8,24.7,89.5,2.2,13.5,240,Poor,1021.9,18.9
2024-02-26,Bhopal,Madhya Pradesh,29.7,23.1,26.4,74.4,0.0,12.3,130,Moderate,1004.2,98.5
2024-02-27,Mumbai,Maharashtra,30.9,22.4,26.6,66.7,0.0,22.6,321,Very Poor,993.6,67.4
2024-02-27,Delhi,Delhi,28.4,13.7,21.0,59.4,0.0,6.3,84,Satisfactory,1000.6,13.8
2024-02-27,Bengaluru,Karnataka,27.1,17.9,22.5,81.7,1.5,6.5,326,Very Poor,993.4,20.9
2024-02-27,Chennai,Tamil Nadu,41.4,32.9,37.2,72.6,5.4,16.5,181,Moderate,999.3,8.7
2024-02-27,Kolkata,West Bengal,42.8,32.1,37.5,84.1,9.9,17.5,252,Poor,1024.3,98.6
2024-02-27,Hyderabad,Telangana,29.9,16.9,23.4,37.0,0.0,16.5,136,Moderate,1005.1,46.6
2024-02-27,Ahmedabad,Gujarat,40.2,25.9,33.1,91.1,1.8,7.8,322,Very Poor,992.4,30.5
2024-02-27,Jaipur,Rajasthan,37.7,25.5,31.6,46.7,0.0,16.4,112,Moderate,995.1,83.2
2024-02-27,Lucknow,Uttar Pradesh,38.0,29.0,33.5,68.7,11.2,8.2,105,Moderate,1018.7,99.9
2024-02-27,Bhopal,Madhya Pradesh,30.3,18.7,24.5,92.8,9.2,5.1,90,Satisfactory,1024.2,96.6
2024-02-28,Mumbai,Maharashtra,31.0,25.0,28.0,47.7,0.0,9.9,169,Moderate,1024.3,64.8
2024-02-28,Delhi,Delhi,28.3,13.5,20.9,83.4,0.0,4.8,193,Moderate,1010.3,93.2
2024-02-28,Bengaluru,Karnataka,41.9,32.4,37.1,76.1,0.0,16.7,205,Poor,992.5,39.3
2024-02-28,Chennai,Tamil Nadu,44.9,35.2,40.1,83.0,0.0,22.4,235,Poor,1004.4,62.4
2024-02-28,Kolkata,West Bengal,33.3,26.9,30.1,36.1,0.0,6.9,196,Moderate,1015.8,35.4
2024-02-28,Hyderabad,Telangana,28.3,13.7,21.0,85.4,8.7,5.3,221,Poor,990.3,6.9
2024-02-28,Ahmedabad,Gujarat,34.1,23.9,29.0,30.5,0.0,18.8,222,Poor,998.2,82.2
2024-02-28,Jaipur,Rajasthan,29.2,21.8,25.5,70.8,0.0,21.9,191,Moderate,1013.4,47.6
2024-02-28,Lucknow,Uttar Pradesh,29.1,17.8,23.5,53.3,0.0,15.0,179,Moderate,1022.1,81.1
2024-02-28,Bhopal,Madhya Pradesh,39.4,28.5,33.9,62.0,0.0,23.0,205,Poor,1001.7,95.5
2024-02-29,Mumbai,Maharashtra,37.6,27.2,32.4,38.4,3.8,12.3,91,Satisfactory,1017.2,25.9
2024-02-29,Delhi,Delhi,33.1,18.9,26.0,76.2,0.0,24.6,221,Poor,1013.3,32.1
2024-02-29,Bengaluru,Karnataka,27.2,12.5,19.9,41.4,6.5,19.9,316,Very Poor,1013.6,63.4
2024-02-29,Chennai,Tamil Nadu,26.6,18.3,22.4,46.1,9.9,17.7,127,Moderate,997.4,27.7
2024-02-29,Kolkata,West Bengal,33.2,25.9,29.6,31.3,0.0,9.8,295,Poor,990.2,69.6
2024-02-29,Hyderabad,Telangana,27.9,21.3,24.6,81.4,6.2,9.1,291,Poor,1002.9,78.1
2024-02-29,Ahmedabad,Gujarat,33.0,18.5,25.8,56.4,43.9,22.9,295,Poor,993.1,94.0
2024-02-29,Jaipur,Rajasthan,40.8,33.8,37.3,82.3,30.2,3.1,218,Poor,995.2,56.1
2024-02-29,Lucknow,Uttar Pradesh,37.9,32.7,35.3,92.4,0.0,15.0,295,Poor,1022.6,68.3
2024-02-29,Bhopal,Madhya Pradesh,25.3,14.8,20.1,59.9,5.0,13.6,86,Satisfactory,1016.8,51.1
